{
  "collapse-filter": true,
  "search": "",
  "showTags": false,
  "showAttachments": false,
  "hideUnresolved": false,
  "showOrphans": true,
  "collapse-color-groups": false,
  "colorGroups": [
    {
      "query": "path:Data  ",
      "color": {
        "a": 1,
        "rgb": 14701138
      }
    },
    {
      "query": "path:Templates  ",
      "color": {
        "a": 1,
        "rgb": 14725458
      }
    },
    {
      "query": "path:\"Literature Notes\"  ",
      "color": {
        "a": 1,
        "rgb": 11657298
      }
    },
    {
      "query": "path:Excalidraw  ",
      "color": {
        "a": 1,
        "rgb": 0
      }
    },
    {
      "query": "path:\"Week Planner\"  ",
      "color": {
        "a": 1,
        "rgb": 6084269
      }
    }
  ],
  "collapse-display": true,
  "showArrow": false,
  "textFadeMultiplier": 0.6,
  "nodeSizeMultiplier": 1.6107879461529,
  "lineSizeMultiplier": 1,
  "collapse-forces": false,
  "centerStrength": 0.495059898727924,
  "repelStrength": 10,
  "linkStrength": 1,
  "linkDistance": 250,
  "scale": 0.4947908801369853,
  "close": true
}