{
  "text-snippets-obsidian:text-snippets": [
    {
      "modifiers": [
        "Shift"
      ],
      "key": "Tab"
    }
  ],
  "app:reload": [
    {
      "modifiers": [
        "Alt",
        "Mod"
      ],
      "key": "R"
    }
  ],
  "obsidian-zotero-desktop-connector:zdc-Pandoc": [
    {
      "modifiers": [
        "Mod",
        "Shift"
      ],
      "key": "C"
    }
  ],
  "workspace:export-pdf": [
    {
      "modifiers": [
        "Alt",
        "Mod",
        "Shift"
      ],
      "key": "P"
    }
  ],
  "obsidian-projects:show-projects": [
    {
      "modifiers": [
        "Mod",
        "Shift"
      ],
      "key": "S"
    }
  ],
  "obsidian-projects:create-project": [
    {
      "modifiers": [
        "Mod",
        "Shift"
      ],
      "key": "X"
    }
  ],
  "obsidian-projects:create-note": [
    {
      "modifiers": [
        "Mod",
        "Shift"
      ],
      "key": "`"
    }
  ],
  "obsidian-zotero-desktop-connector:zdc-exp-Create Literature Note": [
    {
      "modifiers": [
        "Mod",
        "Shift"
      ],
      "key": "A"
    }
  ],
  "slides:start": [
    {
      "modifiers": [
        "Alt"
      ],
      "key": "P"
    }
  ]
}