{
  "workspaces": {
    "Literature annotation (vertical)": {
      "main": {
        "id": "da42f53e26dde3d8",
        "type": "split",
        "children": [
          {
            "id": "82cf79c28caea362",
            "type": "split",
            "children": [
              {
                "id": "2c310bfefe58747b",
                "type": "tabs",
                "dimension": 53.35413416536662,
                "children": [
                  {
                    "id": "268b67ce162a0611",
                    "type": "leaf",
                    "state": {
                      "type": "markdown",
                      "state": {
                        "file": "Literature Notes/@ashokChapter11Investigation2019.md",
                        "mode": "preview",
                        "backlinks": false,
                        "source": true
                      }
                    }
                  },
                  {
                    "id": "321de4afb9464f13",
                    "type": "leaf",
                    "state": {
                      "type": "markdown",
                      "state": {
                        "file": "Thesises/Economical aspects of algea alcohol biofuels a review/Requirements.md",
                        "mode": "source",
                        "backlinks": false,
                        "source": true
                      }
                    }
                  }
                ]
              },
              {
                "id": "ee3ac5203597baa7",
                "type": "tabs",
                "dimension": 46.64586583463339,
                "children": [
                  {
                    "id": "5edcfaf40fb9e115",
                    "type": "leaf",
                    "state": {
                      "type": "markdown",
                      "state": {
                        "file": "Templates/Reference template v2.md",
                        "mode": "source",
                        "backlinks": false,
                        "source": true
                      }
                    }
                  }
                ]
              }
            ],
            "direction": "vertical"
          }
        ],
        "direction": "vertical"
      },
      "left": {
        "id": "d71d91f5db33e129",
        "type": "split",
        "children": [
          {
            "id": "41e0d4bd26665ac5",
            "type": "tabs",
            "dimension": 52.76190476190477,
            "children": [
              {
                "id": "b5a872acba62dc41",
                "type": "leaf",
                "state": {
                  "type": "file-explorer",
                  "state": {
                    "sortOrder": "alphabetical"
                  }
                }
              },
              {
                "id": "6e7e3603c1b3de6d",
                "type": "leaf",
                "state": {
                  "type": "search",
                  "state": {
                    "query": "",
                    "matchingCase": false,
                    "explainSearch": false,
                    "collapseAll": false,
                    "extraContext": false,
                    "sortOrder": "alphabetical"
                  }
                }
              },
              {
                "id": "254230380ce8c8f6",
                "type": "leaf",
                "state": {
                  "type": "bookmarks",
                  "state": {}
                }
              },
              {
                "id": "adeaa48921a07d37",
                "type": "leaf",
                "state": {
                  "type": "recent-files",
                  "state": {}
                }
              }
            ]
          },
          {
            "id": "a9469889186033d9",
            "type": "tabs",
            "dimension": 47.23809523809523,
            "children": [
              {
                "id": "d96c68a0cd5629e4",
                "type": "leaf",
                "state": {
                  "type": "graph",
                  "state": {}
                }
              }
            ]
          }
        ],
        "direction": "horizontal",
        "width": 345
      },
      "right": {
        "id": "f42982c75c503ce7",
        "type": "split",
        "children": [
          {
            "id": "6ae10e012348baf8",
            "type": "tabs",
            "children": [
              {
                "id": "8a18041c6bb61750",
                "type": "leaf",
                "state": {
                  "type": "backlink",
                  "state": {
                    "file": "Literature Notes/@ashokChapter11Investigation2019.md",
                    "collapseAll": false,
                    "extraContext": false,
                    "sortOrder": "alphabetical",
                    "showSearch": false,
                    "searchQuery": "",
                    "backlinkCollapsed": false,
                    "unlinkedCollapsed": true
                  }
                }
              },
              {
                "id": "3fe65feb6fe27824",
                "type": "leaf",
                "state": {
                  "type": "outgoing-link",
                  "state": {
                    "file": "Literature Notes/@ashokChapter11Investigation2019.md",
                    "linksCollapsed": false,
                    "unlinkedCollapsed": true
                  }
                }
              },
              {
                "id": "d24f7da70e2f8392",
                "type": "leaf",
                "state": {
                  "type": "tag",
                  "state": {
                    "sortOrder": "frequency",
                    "useHierarchy": true
                  }
                }
              },
              {
                "id": "4c5b6fa0945a52f0",
                "type": "leaf",
                "state": {
                  "type": "all-properties",
                  "state": {
                    "sortOrder": "frequency",
                    "showSearch": false,
                    "searchQuery": ""
                  }
                }
              },
              {
                "id": "fbafc402b6eaf840",
                "type": "leaf",
                "state": {
                  "type": "outline",
                  "state": {
                    "file": "Literature Notes/@ashokChapter11Investigation2019.md"
                  }
                }
              },
              {
                "id": "070007af34b1edb5",
                "type": "leaf",
                "state": {
                  "type": "advanced-tables-toolbar",
                  "state": {}
                }
              }
            ],
            "currentTab": 5
          }
        ],
        "direction": "horizontal",
        "width": 321,
        "collapsed": true
      },
      "left-ribbon": {
        "hiddenItems": {
          "daily-notes:Open today's daily note": false,
          "switcher:Open quick switcher": true,
          "canvas:Create new canvas": true,
          "templates:Insert template": true,
          "command-palette:Open command palette": false,
          "graph:Open graph view": false,
          "workspaces:Manage workspace layouts": true,
          "obsidian-focus-mode:Toggle Focus Mode (Shift + Click to show active pane only)": false,
          "obsidian-advanced-slides:Show Slide Preview": false,
          "table-editor-obsidian:Advanced Tables Toolbar": false,
          "obsidian-excalidraw-plugin:Create new drawing": false,
          "obsidian-projects:Open projects": false
        }
      },
      "active": "268b67ce162a0611",
      "mtime": "2024-05-03T16:42:08+03:00"
    },
    "Literature annotation (horizontal)": {
      "main": {
        "id": "da42f53e26dde3d8",
        "type": "split",
        "children": [
          {
            "id": "a5b3efcfdcecebd9",
            "type": "split",
            "children": [
              {
                "id": "2c310bfefe58747b",
                "type": "tabs",
                "children": [
                  {
                    "id": "268b67ce162a0611",
                    "type": "leaf",
                    "state": {
                      "type": "markdown",
                      "state": {
                        "file": "Literature Notes/@ashokChapter11Investigation2019.md",
                        "mode": "preview",
                        "backlinks": false,
                        "source": true
                      }
                    }
                  },
                  {
                    "id": "321de4afb9464f13",
                    "type": "leaf",
                    "state": {
                      "type": "markdown",
                      "state": {
                        "file": "Thesises/Economical aspects of algea alcohol biofuels a review/Requirements.md",
                        "mode": "source",
                        "backlinks": false,
                        "source": true
                      }
                    }
                  }
                ]
              },
              {
                "id": "e7c81eb038e28f43",
                "type": "tabs",
                "children": [
                  {
                    "id": "54daf1f35ec6a724",
                    "type": "leaf",
                    "state": {
                      "type": "markdown",
                      "state": {
                        "file": "Literature Notes/@ashokChapter11Investigation2019.md",
                        "mode": "preview",
                        "backlinks": false,
                        "source": true
                      }
                    }
                  }
                ]
              }
            ],
            "direction": "horizontal"
          }
        ],
        "direction": "vertical"
      },
      "left": {
        "id": "d71d91f5db33e129",
        "type": "split",
        "children": [
          {
            "id": "41e0d4bd26665ac5",
            "type": "tabs",
            "dimension": 52.76190476190477,
            "children": [
              {
                "id": "b5a872acba62dc41",
                "type": "leaf",
                "state": {
                  "type": "file-explorer",
                  "state": {
                    "sortOrder": "alphabetical"
                  }
                }
              },
              {
                "id": "6e7e3603c1b3de6d",
                "type": "leaf",
                "state": {
                  "type": "search",
                  "state": {
                    "query": "",
                    "matchingCase": false,
                    "explainSearch": false,
                    "collapseAll": false,
                    "extraContext": false,
                    "sortOrder": "alphabetical"
                  }
                }
              },
              {
                "id": "254230380ce8c8f6",
                "type": "leaf",
                "state": {
                  "type": "bookmarks",
                  "state": {}
                }
              },
              {
                "id": "adeaa48921a07d37",
                "type": "leaf",
                "state": {
                  "type": "recent-files",
                  "state": {}
                }
              }
            ]
          },
          {
            "id": "a9469889186033d9",
            "type": "tabs",
            "dimension": 47.23809523809523,
            "children": [
              {
                "id": "d96c68a0cd5629e4",
                "type": "leaf",
                "state": {
                  "type": "graph",
                  "state": {}
                }
              }
            ]
          }
        ],
        "direction": "horizontal",
        "width": 345
      },
      "right": {
        "id": "f42982c75c503ce7",
        "type": "split",
        "children": [
          {
            "id": "6ae10e012348baf8",
            "type": "tabs",
            "children": [
              {
                "id": "8a18041c6bb61750",
                "type": "leaf",
                "state": {
                  "type": "backlink",
                  "state": {
                    "file": "Literature Notes/@ashokChapter11Investigation2019.md",
                    "collapseAll": false,
                    "extraContext": false,
                    "sortOrder": "alphabetical",
                    "showSearch": false,
                    "searchQuery": "",
                    "backlinkCollapsed": false,
                    "unlinkedCollapsed": true
                  }
                }
              },
              {
                "id": "3fe65feb6fe27824",
                "type": "leaf",
                "state": {
                  "type": "outgoing-link",
                  "state": {
                    "file": "Literature Notes/@ashokChapter11Investigation2019.md",
                    "linksCollapsed": false,
                    "unlinkedCollapsed": true
                  }
                }
              },
              {
                "id": "d24f7da70e2f8392",
                "type": "leaf",
                "state": {
                  "type": "tag",
                  "state": {
                    "sortOrder": "frequency",
                    "useHierarchy": true
                  }
                }
              },
              {
                "id": "4c5b6fa0945a52f0",
                "type": "leaf",
                "state": {
                  "type": "all-properties",
                  "state": {
                    "sortOrder": "frequency",
                    "showSearch": false,
                    "searchQuery": ""
                  }
                }
              },
              {
                "id": "fbafc402b6eaf840",
                "type": "leaf",
                "state": {
                  "type": "outline",
                  "state": {
                    "file": "Literature Notes/@ashokChapter11Investigation2019.md"
                  }
                }
              },
              {
                "id": "070007af34b1edb5",
                "type": "leaf",
                "state": {
                  "type": "advanced-tables-toolbar",
                  "state": {}
                }
              }
            ],
            "currentTab": 5
          }
        ],
        "direction": "horizontal",
        "width": 321,
        "collapsed": true
      },
      "left-ribbon": {
        "hiddenItems": {
          "daily-notes:Open today's daily note": false,
          "switcher:Open quick switcher": true,
          "canvas:Create new canvas": true,
          "templates:Insert template": true,
          "command-palette:Open command palette": false,
          "graph:Open graph view": false,
          "workspaces:Manage workspace layouts": true,
          "obsidian-focus-mode:Toggle Focus Mode (Shift + Click to show active pane only)": false,
          "obsidian-advanced-slides:Show Slide Preview": false,
          "table-editor-obsidian:Advanced Tables Toolbar": false,
          "obsidian-excalidraw-plugin:Create new drawing": false,
          "obsidian-projects:Open projects": false
        }
      },
      "active": "54daf1f35ec6a724",
      "mtime": "2024-05-03T16:42:43+03:00"
    }
  },
  "active": "Literature annotation (vertical)"
}