{
  "main": {
    "id": "da42f53e26dde3d8",
    "type": "split",
    "children": [
      {
        "id": "2c310bfefe58747b",
        "type": "tabs",
        "children": [
          {
            "id": "b4fb55d3c37e1d4b",
            "type": "leaf",
            "state": {
              "type": "markdown",
              "state": {
                "file": "Tests.md",
                "mode": "preview",
                "backlinks": false,
                "source": true
              }
            }
          }
        ]
      },
      {
        "id": "ab3d71ae0f7c894b",
        "type": "tabs",
        "children": [
          {
            "id": "d10c469fb5ed00a8",
            "type": "leaf",
            "state": {
              "type": "markdown",
              "state": {
                "file": "Literature Notes/@stroganovCOMPARATIVEANALYSISCONVENTIONAL2024.md",
                "mode": "preview",
                "backlinks": false,
                "source": true
              }
            }
          }
        ]
      }
    ],
    "direction": "vertical"
  },
  "left": {
    "id": "d71d91f5db33e129",
    "type": "split",
    "children": [
      {
        "id": "41e0d4bd26665ac5",
        "type": "tabs",
        "dimension": 68.93004115226337,
        "children": [
          {
            "id": "b5a872acba62dc41",
            "type": "leaf",
            "state": {
              "type": "file-explorer",
              "state": {
                "sortOrder": "alphabetical"
              }
            }
          },
          {
            "id": "6e7e3603c1b3de6d",
            "type": "leaf",
            "state": {
              "type": "search",
              "state": {
                "query": "",
                "matchingCase": false,
                "explainSearch": false,
                "collapseAll": false,
                "extraContext": false,
                "sortOrder": "alphabetical"
              }
            }
          },
          {
            "id": "254230380ce8c8f6",
            "type": "leaf",
            "state": {
              "type": "bookmarks",
              "state": {}
            }
          }
        ]
      },
      {
        "id": "a9469889186033d9",
        "type": "tabs",
        "dimension": 31.069958847736622,
        "children": [
          {
            "id": "d96c68a0cd5629e4",
            "type": "leaf",
            "state": {
              "type": "graph",
              "state": {}
            }
          }
        ]
      }
    ],
    "direction": "horizontal",
    "width": 333
  },
  "right": {
    "id": "f42982c75c503ce7",
    "type": "split",
    "children": [
      {
        "id": "6ae10e012348baf8",
        "type": "tabs",
        "children": [
          {
            "id": "8a18041c6bb61750",
            "type": "leaf",
            "state": {
              "type": "backlink",
              "state": {
                "file": "Tests.md",
                "collapseAll": false,
                "extraContext": false,
                "sortOrder": "alphabetical",
                "showSearch": false,
                "searchQuery": "",
                "backlinkCollapsed": false,
                "unlinkedCollapsed": true
              }
            }
          },
          {
            "id": "3fe65feb6fe27824",
            "type": "leaf",
            "state": {
              "type": "outgoing-link",
              "state": {
                "file": "Tests.md",
                "linksCollapsed": false,
                "unlinkedCollapsed": true
              }
            }
          },
          {
            "id": "d24f7da70e2f8392",
            "type": "leaf",
            "state": {
              "type": "tag",
              "state": {
                "sortOrder": "alphabetical",
                "useHierarchy": false
              }
            }
          },
          {
            "id": "4c5b6fa0945a52f0",
            "type": "leaf",
            "state": {
              "type": "all-properties",
              "state": {
                "sortOrder": "frequency",
                "showSearch": false,
                "searchQuery": ""
              }
            }
          },
          {
            "id": "fbafc402b6eaf840",
            "type": "leaf",
            "state": {
              "type": "outline",
              "state": {
                "file": "Tests.md"
              }
            }
          },
          {
            "id": "070007af34b1edb5",
            "type": "leaf",
            "state": {
              "type": "advanced-tables-toolbar",
              "state": {}
            }
          }
        ]
      }
    ],
    "direction": "horizontal",
    "width": 321
  },
  "left-ribbon": {
    "hiddenItems": {
      "daily-notes:Open today's daily note": true,
      "switcher:Open quick switcher": true,
      "command-palette:Open command palette": false,
      "canvas:Create new canvas": false,
      "templates:Insert template": true,
      "graph:Open graph view": false,
      "workspaces:Manage workspace layouts": false,
      "obsidian-projects:Open projects": false,
      "table-editor-obsidian:Advanced Tables Toolbar": true
    }
  },
  "active": "b4fb55d3c37e1d4b",
  "lastOpenFiles": [
    "Literature Notes/@stroganovCOMPARATIVEANALYSISCONVENTIONAL2024.md",
    "Literature Notes/index.md",
    "Tests.md",
    "Templates/Reference template.md",
    "Data/Attachments/watermelon_shark.jpg",
    "Templates/Reference template v2.md",
    "Templates/Thesis template.md",
    "Templates/Requirements template.md",
    "Templates/template_ubds_2024.md",
    "Templates/template_lectures.md",
    "Templates/template.md",
    "Data/Zotero Files/Stroganov_et_al_2024.pdf"
  ]
}